controller,timestamp,loop,q0,q1,q2,q3,q4,q5,qvel0,qvel1,qvel2,qvel3,qvel4,qvel5,target0,target1,target2,target3,target4,target5,cmd_pos0,cmd_pos1,cmd_pos2,cmd_pos3,cmd_pos4,cmd_pos5,cmd_vel0,cmd_vel1,cmd_vel2,cmd_vel3,cmd_vel4,cmd_vel5,u0,u1,u2,u3,u4,u5,hal_vel0,hal_vel1,hal_vel2,hal_vel3,hal_vel4,hal_vel5,hal_torq0,hal_torq1,hal_torq2,hal_torq3,hal_torq4,hal_torq5,err_norm,poll_ms,pd_solve_ms,hal_write_ms,sleep_ms
pd,23:48:38.686,1,-90.003,-89.999,0.0,-90.001,0.003,0.004,0.0,0.0,0.0,0.0,0.0,0.0,-90.0,-90.0,0.0,-90.0,0.0,0.0,-90.0015,-89.9995,0.0,-90.0005,0.0015,0.002,0.0,0.0,0.0,0.0,0.0,0.0,0.0015000000000071623,-0.0005000000000023874,0.0,0.0005000000000023874,-0.0015,-0.002,0.0137698,-0.034424500000000004,0.0068849,-0.0068849,0.0068849,0.0206547,0.00012136752136599999,0.000398778998774,-0.000762881562872,-6.8986568988e-05,-0.00034493284494,0.000379426129434,0.006000000000001648,1.9338730003255478,0.395534000290354,0.15777699991303962,0.0
pd,23:48:38.689,2,-90.003,-89.999,0.0,-90.001,0.003,0.004,0.0,0.0,0.0,0.0,0.0,0.0,-90.0,-90.0,0.0,-90.0,0.0,0.0,-90.0015,-89.9995,0.0,-90.0005,0.0015,0.002,0.27830912147218606,-0.09276970715783481,0.0,0.09276970715783481,-0.2783091214721755,-0.37107882862956737,0.0015000000000071623,-0.0005000000000023874,0.0,0.0005000000000023874,-0.0015,-0.002,0.0137698,-0.034424500000000004,0.0068849,-0.0068849,0.0068849,0.0206547,0.00012136752136599999,0.000398778998774,-0.000762881562872,-6.8986568988e-05,-0.00034493284494,0.000379426129434,0.006000000000001648,1.9507800002429576,0.24251600007119123,0.09440699977858458,0.0
pd,23:48:38.691,3,-90.003,-89.999,0.0,-90.001,0.003,0.004,0.0,0.0,0.0,0.0,0.0,0.0,-90.0,-90.0,0.0,-90.0,0.0,0.0,-90.0015,-89.9995,0.0,-90.0005,0.0015,0.002,0.3017195472856435,-0.10057318242902424,0.0,0.10057318242902424,-0.3017195472856321,-0.4022927297141761,0.0015000000000071623,-0.0005000000000023874,0.0,0.0005000000000023874,-0.0015,-0.002,0.0137698,-0.034424500000000004,0.0068849,-0.0068849,0.0068849,0.0206547,0.00012136752136599999,0.000398778998774,-0.000762881562872,-6.8986568988e-05,-0.00034493284494,0.000379426129434,0.006000000000001648,1.7940220000127738,0.18127599969375296,0.08023999998840736,0.0
pd,23:48:38.694,4,-90.003,-89.999,0.0,-90.001,0.003,0.004,0.0,0.0,0.0,0.0,0.0,0.0,-90.0,-90.0,0.0,-90.0,0.0,0.0,-90.0015,-89.9995,0.0,-90.0005,0.0015,0.002,0.3357950469684158,-0.11193168232333549,0.0,0.11193168232333549,-0.33579504696840307,-0.4477267292912041,0.0015000000000071623,-0.0005000000000023874,0.0,0.0005000000000023874,-0.0015,-0.002,0.0137698,-0.034424500000000004,0.0068849,-0.0068849,0.0068849,0.0206547,0.00012136752136599999,0.000398778998774,-0.000762881562872,-6.8986568988e-05,-0.00034493284494,0.000379426129434,0.006000000000001648,2.1866110000701156,0.1976829998966423,0.09433300010641688,0.0
pd,23:48:38.696,5,-90.003,-89.999,0.0,-90.001,0.003,0.004,0.0,0.0,0.0,0.0,0.0,0.0,-90.0,-90.0,0.0,-90.0,0.0,0.0,-90.0015,-89.9995,0.0,-90.0005,0.0015,0.002,0.2928165316950683,-0.09760551056548514,0.0,0.09760551056548514,-0.2928165316950572,-0.3904220422600763,0.0015000000000071623,-0.0005000000000023874,0.0,0.0005000000000023874,-0.0015,-0.002,0.0137698,-0.034424500000000004,0.0068849,-0.0068849,0.0068849,0.0206547,0.00012136752136599999,0.000398778998774,-0.000762881562872,-6.8986568988e-05,-0.00034493284494,0.000379426129434,0.006000000000001648,2.1468149998327135,0.24105400007101707,0.11529499988682801,0.0
pd,23:48:38.699,6,-90.003,-89.999,0.0,-90.001,0.003,0.004,0.0,0.0,0.0,0.0,0.0,0.0,-90.0,-90.0,0.0,-90.0,0.0,0.0,-90.0015,-89.9995,0.0,-90.0005,0.0015,0.002,0.28830794610944177,-0.0961026487036025,0.0,0.0961026487036025,-0.28830794610943083,-0.38441059481257445,0.0015000000000071623,-0.0005000000000023874,0.0,0.0005000000000023874,-0.0015,-0.002,0.0137698,-0.034424500000000004,0.0068849,-0.0068849,0.0068849,0.0206547,0.00012136752136599999,0.000398778998774,-0.000762881562872,-6.8986568988e-05,-0.00034493284494,0.000379426129434,0.006000000000001648,1.9298910001452896,0.1984430000447901,0.09125899987338926,0.0
pd,23:48:38.701,7,-90.003,-89.999,0.0,-90.001,0.003,0.004,0.0,0.0,0.0,0.0,0.0,0.0,-90.0,-90.0,0.0,-90.0,0.0,0.0,-90.0015,-89.9995,0.0,-90.0005,0.0015,0.002,0.32547625452665485,-0.1084920848427322,0.0,0.1084920848427322,-0.32547625452664253,-0.4339683393688567,0.0015000000000071623,-0.0005000000000023874,0.0,0.0005000000000023874,-0.0015,-0.002,-0.0275396,0.0413094,0.0413094,-0.0068849,-0.0,0.0068849,-0.000190720390718,-0.0008495726495619999,0.000589499389492,-6.8986568988e-05,-0.00022420634921100003,0.000379426129434,0.006000000000001648,3.340230000048905,0.7173270000748744,0.32244200019704294,0.0
pd,23:48:38.706,8,-90.003,-89.999,0.0,-90.001,0.003,0.004,0.0,0.0,0.0,0.0,0.0,0.0,-90.0,-90.0,0.0,-90.0,0.0,0.0,-90.0015,-89.9995,0.0,-90.0005,0.0015,0.002,0.1647581836275137,-0.05491939454276472,0.0,0.05491939454276472,-0.16475818362750747,-0.21967757817000996,0.0015000000000071623,-0.0005000000000023874,0.0,0.0005000000000023874,-0.0015,-0.002,-0.0275396,0.0413094,0.0413094,-0.0068849,-0.0,0.0068849,-0.000190720390718,-0.0008495726495619999,0.000589499389492,-6.8986568988e-05,-0.00022420634921100003,0.000379426129434,0.006000000000001648,1.8015030000242405,0.19246099964220775,0.07055500009300886,0.0
pd,23:48:38.708,9,-90.003,-89.999,0.0,-90.001,0.003,0.004,0.0,0.0,0.0,0.0,0.0,0.0,-90.0,-90.0,0.0,-90.0,0.0,0.0,-90.0015,-89.9995,0.0,-90.0005,0.0015,0.002,0.34890505767525726,-0.11630168589230333,0.0,0.11630168589230333,-0.348905057675244,-0.46520674356699204,0.0015000000000071623,-0.0005000000000023874,0.0,0.0005000000000023874,-0.0015,-0.002,-0.0275396,0.0413094,0.0413094,-0.0068849,-0.0,0.0068849,-0.000190720390718,-0.0008495726495619999,0.000589499389492,-6.8986568988e-05,-0.00022420634921100003,0.000379426129434,0.006000000000001648,1.7627810002522892,0.18010900021181442,0.08251799999925424,0.0
