controller,timestamp,loop,q0,q1,q2,q3,q4,q5,qvel0,qvel1,qvel2,qvel3,qvel4,qvel5,target0,target1,target2,target3,target4,target5,cmd_pos0,cmd_pos1,cmd_pos2,cmd_pos3,cmd_pos4,cmd_pos5,cmd_vel0,cmd_vel1,cmd_vel2,cmd_vel3,cmd_vel4,cmd_vel5,u0,u1,u2,u3,u4,u5,hal_vel0,hal_vel1,hal_vel2,hal_vel3,hal_vel4,hal_vel5,hal_torq0,hal_torq1,hal_torq2,hal_torq3,hal_torq4,hal_torq5,err_norm,poll_ms,solve_ms,hal_write_ms,sleep_ms
invdyn,00:45:53.253,1,-90.198,-89.998,0.007,-89.968,0.037,0.006,0.0,0.0,0.0,0.0,0.0,0.0,-90.0,-90.0,0.0,-90.0,0.0,0.0,-90.09899999999999,-89.999,0.0035,-89.98400000000001,0.0185,0.003,2.474999999999916,-0.024999999999941735,-0.0875,-0.39999999999995595,-0.46249999999999997,-0.075,0.09900000000000375,-0.000999999999990564,-0.0035,-0.016000000000005343,-0.0185,-0.003,0.14458290000000001,-0.0206547,0.0550792,0.0481943,-0.0068849,-0.0137698,0.022661050060766,-0.011633943833798,0.015656410256214,0.00293192918199,-0.0025697496948030004,0.000741605616621,0.20417149654150332,2.001443000153813,0.23694199990131892,0.3624219998528133,17.972855000152776
invdyn,00:45:53.274,2,-90.196,-89.998,0.007,-89.968,0.037,0.006,0.09593778448707026,0.0,0.0,0.0,0.0,0.0,-90.0,-90.0,0.0,-90.0,0.0,0.0,-90.098,-89.999,0.0035,-89.98400000000001,0.0185,0.003,2.3504757199386748,-0.023984446121767564,-0.08394556142638213,-0.3837511379491331,-0.44371225325373403,-0.0719533383654704,0.09799999999999898,-0.000999999999990564,-0.0035,-0.016000000000005343,-0.0185,-0.003,0.14458290000000001,-0.0275396,0.0137698,-0.0068849,0.0275396,0.0068849,0.021880830280556,-0.01161660561646,0.015881807081608,0.003173382173448,-0.002966422466484,0.001483211233242,0.20223253941935002,2.0834970000578323,0.2517570001145941,0.1208140001836,17.99602200026129
invdyn,00:45:53.294,3,-90.193,-89.998,0.007,-89.968,0.037,0.006,0.14424320792352152,0.0,0.0,0.0,0.0,0.0,-90.0,-90.0,0.0,-90.0,0.0,0.0,-90.09649999999999,-89.999,0.0035,-89.98400000000001,0.0185,0.003,2.3199115941031905,-0.024040534653863316,-0.08414187128871771,-0.38464855446266716,-0.44474989109750784,-0.07212160396175803,0.09650000000000603,-0.000999999999990564,-0.0035,-0.016000000000005343,-0.0185,-0.003,0.1514678,0.0550792,0.0206547,-0.0137698,0.0275396,-0.0,0.02201953601926,-0.012258119657965999,0.015916483516284,0.003173382173448,-0.0028112026862610003,0.0017246642247000002,0.19932636554153824,2.083516000311647,0.3192189997207606,0.12094300018361537,17.966504000469286
invdyn,00:45:53.315,4,-90.19,-89.998,0.007,-89.968,0.037,0.006,0.14409949496685193,0.0,0.0,0.0,0.0,0.0,-90.0,-90.0,0.0,-90.0,0.0,0.0,-90.095,-89.999,0.0035,-89.98400000000001,0.0185,0.003,2.281575336975042,-0.02401658249441844,-0.08405803873066044,-0.3842653199115482,-0.4443067761477766,-0.07204974748342323,0.09499999999999886,-0.000999999999990564,-0.0035,-0.016000000000005343,-0.0185,-0.003,0.1583527,0.0068849,-0.0275396,-0.0,0.0068849,-0.034424500000000004,0.02245299145271,-0.011668620268474,0.015656410256214,0.0035183150183880005,-0.0030871489622130003,0.0018453907204290002,0.1964230129083629,2.324402000340342,0.3535329997248482,0.14842500058875885,17.56626799942751
invdyn,00:45:53.336,5,-90.187,-89.998,0.007,-89.968,0.037,0.006,0.14578403929929185,0.0,0.0,0.0,0.0,0.0,-90.0,-90.0,0.0,-90.0,0.0,0.0,-90.0935,-89.999,0.0035,-89.98400000000001,0.0185,0.003,2.271801279080516,-0.024297339883157756,-0.08504068959125034,-0.38875743813138736,-0.4495007878394661,-0.07289201964964316,0.0934999999999917,-0.000999999999990564,-0.0035,-0.016000000000005343,-0.0185,-0.003,0.1239282,0.0,0.0137698,-0.0,0.034424500000000004,-0.0137698,0.02323321123292,-0.01187667887653,0.016436630036424,0.002518009768062,-0.0030181623932250003,0.001414224664254,0.19352260849833247,2.0991450001019984,0.24964499971247278,0.1702760000625858,18.000354999458068
invdyn,00:45:53.357,6,-90.185,-89.998,0.007,-89.968,0.037,0.006,0.09663738263902368,0.0,0.0,0.0,0.0,0.0,-90.0,-90.0,0.0,-90.0,0.0,0.0,-90.0925,-89.999,0.0035,-89.98400000000001,0.0185,0.003,2.2347394735326582,-0.02415934565975592,-0.08455770980934278,-0.386549530556953,-0.44694789470652607,-0.07247803697943667,0.09250000000000114,-0.000999999999990564,-0.0035,-0.016000000000005343,-0.0185,-0.003,0.1790074,0.0275396,-0.0,-0.0275396,0.0137698,-0.0068849,0.023215873015582,-0.01196336996322,0.014806837606652,0.003138888888954,-0.002966422466484,0.0016556776557120003,0.19159070958687063,2.261626000290562,0.3377560005901614,0.12799799969798187,17.813561000366462
invdyn,00:45:53.377,7,-90.182,-89.998,0.007,-89.968,0.037,0.006,0.14432593136355842,0.0,0.0,0.0,0.0,0.0,-90.0,-90.0,0.0,-90.0,0.0,0.0,-90.09100000000001,-89.999,0.0035,-89.98400000000001,0.0185,0.003,2.1889432923472456,-0.02405432189386943,-0.08419012662873922,-0.3848691503027655,-0.44500495503762155,-0.07216296568177648,0.09099999999999397,-0.000999999999990564,-0.0035,-0.016000000000005343,-0.0185,-0.003,0.13081310000000002,0.0413094,-0.0206547,-0.0137698,0.034424500000000004,-0.0137698,0.022383638583357998,-0.011894017093868,0.015621733821538,0.0036217948718700005,-0.0034665750916470003,0.0016556776557120003,0.18869552193944758,2.2532729999511503,0.2371459995629266,0.11662899942166405,17.934058999344415
invdyn,00:45:53.398,8,-90.18,-89.998,0.007,-89.968,0.037,0.006,0.0966095589079863,0.0,0.0,0.0,0.0,0.0,-90.0,-90.0,0.0,-90.0,0.0,0.0,-90.09,-89.999,0.0035,-89.98400000000001,0.0185,0.003,2.1737150754348398,-0.024152389726996574,-0.08453336404468502,-0.3864382356328032,-0.4468192099504779,-0.07245716918115859,0.09000000000000341,-0.000999999999990564,-0.0035,-0.016000000000005343,-0.0185,-0.003,0.1032735,-0.0137698,-0.0137698,0.0275396,-0.0,0.0068849,0.022938461538174,-0.011079120878982,0.015881807081608,0.0036217948718700005,-0.0025697496948030004,0.0018453907204290002,0.1867672348138244,2.359699000408,0.28257099984330125,0.09705399952508742,17.786839000109467
invdyn,00:45:53.419,9,-90.177,-89.998,0.007,-89.968,0.037,0.006,0.14498446789879335,0.0,0.0,0.0,0.0,0.0,-90.0,-90.0,0.0,-90.0,0.0,0.0,-90.08850000000001,-89.999,0.0035,-89.98400000000001,0.0185,0.003,2.138520901507202,-0.024164077983074992,-0.08457427294095958,-0.38662524773005835,-0.44703544268792916,-0.07249223394939393,0.08849999999999625,-0.000999999999990564,-0.0035,-0.016000000000005343,-0.0185,-0.003,0.0963886,-0.0137698,0.034424500000000004,0.0481943,0.0275396,0.0413094,0.023111843711554,-0.01161660561646,0.0164713064711,0.003173382173448,-0.002155830280875,0.0019143772894170002,0.18387767673103264,2.129016000253614,0.2865900005417643,0.09944300018105423,18.005429000368167
invdyn,00:45:53.439,10,-90.174,-89.998,0.007,-89.968,0.037,0.006,0.14503125864454214,0.0,0.0,0.0,0.0,0.0,-90.0,-90.0,0.0,-90.0,0.0,0.0,-90.087,-89.999,0.0035,-89.98400000000001,0.0185,0.003,2.1029532503458612,-0.024171876440699774,-0.08460156754264639,-0.38675002305205514,-0.447179714153988,-0.07251562932226832,0.0870000000000033,-0.000999999999990564,-0.0035,-0.016000000000005343,-0.0185,-0.003,0.1514678,-0.0206547,0.0068849,0.0137698,-0.0137698,-0.0206547,0.023129181928892,-0.011425885225742,0.015621733821538,0.0037080280831050002,-0.0034838217338940005,0.0016556776557120003,0.1809917125174577,1.9778129999394878,0.2273500003866502,0.08820299990475178,18.221241999526683
invdyn,00:45:53.460,11,-90.172,-89.998,0.007,-89.968,0.037,0.006,0.09578004612865719,0.0,0.0,0.0,0.0,0.0,-90.0,-90.0,0.0,-90.0,0.0,0.0,-90.086,-89.999,0.0035,-89.98400000000001,0.0185,0.003,2.0592709917562617,-0.02394501153199416,-0.08380754036217487,-0.38312018451275726,-0.44298271334292433,-0.0718350345961499,0.08599999999999852,-0.000999999999990564,-0.0035,-0.016000000000005343,-0.0185,-0.003,0.1583527,0.0068849,-0.0206547,0.0206547,-0.0413094,-0.0413094,0.02219291819264,-0.011339194139052,0.015933821733622,0.0038460012210810002,-0.0035700549451290003,0.0017764041514410002,0.17906981878585443,2.0815349998883903,0.22679399990011007,0.09575800049788086,18.13302000027761
invdyn,00:45:53.481,12,-90.169,-89.998,0.007,-89.968,0.037,0.006,0.14494939464802586,0.0,0.0,0.0,0.0,0.0,-90.0,-90.0,0.0,-90.0,0.0,0.0,-90.08449999999999,-89.999,0.0035,-89.98400000000001,0.0185,0.003,2.0413706412929162,-0.024158232441280424,-0.08455381354467854,-0.3865317190613451,-0.4469273001647294,-0.07247469732401018,0.08450000000000557,-0.000999999999990564,-0.0035,-0.016000000000005343,-0.0185,-0.003,0.13769800000000001,-0.0206547,0.0068849,0.0137698,0.0068849,-0.034424500000000004,0.022730402930118,-0.011633943833798,0.015933821733622,0.00327686202693,-0.0031216422467070003,0.0017764041514410002,0.1761902380950736,2.0483859998421394,0.22473900025943294,0.08714700015843846,18.525813000451308
invdyn,00:45:53.502,13,-90.166,-89.998,0.007,-89.968,0.037,0.006,0.14256964807723352,0.0,0.0,0.0,0.0,0.0,-90.0,-90.0,0.0,-90.0,0.0,0.0,-90.083,-89.999,0.0035,-89.98400000000001,0.0185,0.003,1.9722134650682845,-0.023761608012815977,-0.08316562804504975,-0.3801857282058998,-0.43958974823812,-0.07128482403861407,0.08299999999999841,-0.000999999999990564,-0.0035,-0.016000000000005343,-0.0185,-0.003,0.1652376,-0.0137698,-0.0068849,-0.034424500000000004,-0.0137698,0.0137698,0.022140903540626,-0.011894017093868,0.015621733821538,0.0033975885226590003,-0.003035409035472,0.0016556776557120003,0.17331474259277166,2.0094060000701575,0.2217940000264207,0.07907300005172146,18.275778000315768
invdyn,00:45:53.523,14,-90.163,-89.998,0.007,-89.968,0.037,0.006,0.14462119853803734,0.0,0.0,0.0,0.0,0.0,-90.0,-90.0,0.0,-90.0,0.0,0.0,-90.0815,-89.999,0.0035,-89.98400000000001,0.0185,0.003,1.9644379468082263,-0.0241035330896158,-0.08436236581385193,-0.3856565294347091,-0.44591536215893157,-0.07231059926901594,0.08149999999999125,-0.000999999999990564,-0.0035,-0.016000000000005343,-0.0185,-0.003,0.0963886,-0.0275396,-0.034424500000000004,-0.034424500000000004,-0.0481943,-0.0206547,0.021031257630993998,-0.011581929181783999,0.0164713064711,0.003173382173448,-0.003173382173448,0.001224511599537,0.17044353903858803,2.0264610002413974,0.2291649998369394,0.09250000039173756,18.228390000331274
invdyn,00:45:53.543,15,-90.16,-89.998,0.007,-89.968,0.037,0.006,0.14469603615414353,0.0,0.0,0.0,0.0,0.0,-90.0,-90.0,0.0,-90.0,0.0,0.0,-90.08,-89.999,0.0035,-89.98400000000001,0.0185,0.003,1.929280482055133,-0.024116006025633473,-0.08440602108991387,-0.38585609641099233,-0.446146111475259,-0.07234801807706903,0.0799999999999983,-0.000999999999990564,-0.0035,-0.016000000000005343,-0.0185,-0.003,0.1101584,0.0275396,0.0413094,-0.0481943,0.0206547,0.0137698,0.021551404151134,-0.011859340659191999,0.015396336996143999,0.0034838217338940005,-0.0029146825397430003,0.001534951159983,0.1675768480429163,2.190328999859048,0.2595899995867512,0.1529990004200954,18.081187999996473
invdyn,00:45:53.564,16,-90.158,-89.998,0.007,-89.968,0.037,0.006,0.09595424545005833,0.0,0.0,0.0,0.0,0.0,-90.0,-90.0,0.0,-90.0,0.0,0.0,-90.07900000000001,-89.999,0.0035,-89.98400000000001,0.0185,0.003,1.8950963476430838,-0.023988561362514583,-0.08395996476899673,-0.3838169818010856,-0.44378838520755404,-0.07196568408771148,0.07899999999999352,-0.000999999999990564,-0.0035,-0.016000000000005343,-0.0185,-0.003,0.1101584,-0.0068849,0.0206547,-0.034424500000000004,0.0206547,-0.0068849,0.022678388278104,-0.011373870573728,0.015656410256214,0.002966422466484,-0.0035355616606350003,0.001293498168525,0.1656683433852109,2.152830000341055,0.2428130001135287,0.12238799990882399,18.045132999759517
invdyn,00:45:53.585,17,-90.155,-89.998,0.007,-89.968,0.037,0.006,0.1447326516293088,0.0,0.0,0.0,0.0,0.0,-90.0,-90.0,0.0,-90.0,0.0,0.0,-90.0775,-89.999,0.0035,-89.98400000000001,0.0185,0.003,1.8694634168785147,-0.024122108604827667,-0.0844273801170936,-0.38595373767809965,-0.44625900919035183,-0.07236632581465165,0.07750000000000057,-0.000999999999990564,-0.0035,-0.016000000000005343,-0.0185,-0.003,0.1652376,0.06884900000000001,0.0206547,0.0481943,-0.0206547,0.034424500000000004,0.02262637362609,-0.01222344322329,0.0164713064711,0.004018467643551,-0.0034838217338940005,0.0019143772894170002,0.16280970487044102,2.024109000558383,0.22577599975193152,0.0863879995449679,18.20277899969369
invdyn,00:45:53.606,18,-90.151,-89.998,0.007,-89.968,0.037,0.006,0.193274765278734,0.0,0.0,0.0,0.0,0.0,-90.0,-90.0,0.0,-90.0,0.0,0.0,-90.0755,-89.999,0.0035,-89.98400000000001,0.0185,0.003,1.8240305973157775,-0.02415934565975592,-0.08455770980934278,-0.386549530556953,-0.44694789470652607,-0.07247803697943667,0.07549999999999102,-0.000999999999990564,-0.0035,-0.016000000000005343,-0.0185,-0.003,0.1170433,-0.0137698,-0.0,-0.0275396,0.0068849,-0.0,0.022470329670048,-0.011581929181783999,0.01673137973117,0.0034838217338940005,-0.0039322344323160004,0.001465964590995,0.15900628918378865,1.9992950001324061,0.22573800015379675,0.0815739995232434,18.32316699983494
invdyn,00:45:53.627,19,-90.149,-89.998,0.007,-89.968,0.037,0.006,0.09625151170906852,0.0,0.0,0.0,0.0,0.0,-90.0,-90.0,0.0,-90.0,0.0,0.0,-90.0745,-89.999,0.0035,-89.98400000000001,0.0185,0.003,1.7926844055855904,-0.02406287792726713,-0.08422007274563124,-0.385006046837129,-0.44516324165547944,-0.07218863378196964,0.07450000000000045,-0.000999999999990564,-0.0035,-0.016000000000005343,-0.0185,-0.003,0.06884900000000001,0.0137698,-0.0481943,-0.0,-0.0550792,-0.0275396,0.023909401709102,-0.011894017093868,0.015656410256214,0.0035700549451290003,-0.0034493284494000005,0.0019143772894170002,0.15710824294097375,2.0074789999853238,0.2678680002645706,0.08088800041150535,18.257482000080927
invdyn,00:45:53.647,20,-90.147,-89.998,0.007,-89.968,0.037,0.006,0.09630897463841345,0.0,0.0,0.0,0.0,0.0,-90.0,-90.0,0.0,-90.0,0.0,0.0,-90.0735,-89.999,0.0035,-89.98400000000001,0.0185,0.003,1.7696774089850384,-0.024077243659603363,-0.08427035280880817,-0.3852358985545092,-0.44542900770370025,-0.07223173097897843,0.07350000000000989,-0.000999999999990564,-0.0035,-0.016000000000005343,-0.0185,-0.003,0.1101584,-0.0206547,-0.0206547,-0.0,0.0550792,0.0413094,0.022955799755512,-0.012500854700698,0.016159218559016,0.0036735347986110002,-0.002966422466484,0.0018453907204290002,0.15521275720765157,2.0881640002698987,0.2717380002650316,0.08631400032754755,18.08498399987002
invdyn,00:45:53.668,21,-90.144,-89.998,0.007,-89.968,0.037,0.006,0.14383922998663082,0.0,0.0,0.0,0.0,0.0,-90.0,-90.0,0.0,-90.0,0.0,0.0,-90.072,-89.999,0.0035,-89.98400000000001,0.0185,0.003,1.7260707598395697,-0.023973204997715023,-0.08390621749219813,-0.3835712799642921,-0.4435042924587615,-0.07191961499331269,0.07200000000000273,-0.000999999999990564,-0.0035,-0.016000000000005343,-0.0185,-0.003,0.06884900000000001,-0.0413094,-0.0619641,0.0206547,-0.0206547,-0.0275396,0.022955799755512,-0.011633943833798,0.014512087911906,0.0038460012210810002,-0.003173382173448,0.0017764041514410002,0.15237453855549926,2.101664000292658,0.2287759998580441,0.09229500028595794,18.116207000275608
invdyn,00:45:53.689,22,-90.142,-89.998,0.007,-89.968,0.037,0.006,0.09661400962891363,0.0,0.0,0.0,0.0,0.0,-90.0,-90.0,0.0,-90.0,0.0,0.0,-90.071,-89.999,0.0035,-89.98400000000001,0.0185,0.003,1.714898670904979,-0.024153502407056784,-0.08453725842489578,-0.38645603851376664,-0.4468397945315919,-0.07246050722133923,0.07099999999999795,-0.000999999999990564,-0.0035,-0.016000000000005343,-0.0185,-0.003,0.0963886,-0.034424500000000004,-0.0206547,-0.0275396,-0.0,-0.0275396,0.02314652014623,-0.012154090353938,0.015396336996143999,0.0037080280831050002,-0.003173382173448,0.0018453907204290002,0.15048587973626826,2.0460530004129396,0.22531300055561587,0.0828889997137594,18.213482999271946
invdyn,00:45:53.710,23,-90.14,-89.998,0.007,-89.968,0.037,0.006,0.0965028645052165,0.0,0.0,0.0,0.0,0.0,-90.0,-90.0,0.0,-90.0,0.0,0.0,-90.07,-89.999,0.0035,-89.98400000000001,0.0185,0.003,1.6888001288452315,-0.024125716126304125,-0.08444000644226124,-0.38601145802172315,-0.4463257483376665,-0.07237714837908106,0.07000000000000739,-0.000999999999990564,-0.0035,-0.016000000000005343,-0.0185,-0.003,0.0895037,0.0137698,0.0068849,0.0206547,-0.0206547,0.0137698,0.023302564102271998,-0.011044444444306,0.015101587301398,0.004018467643551,-0.0030871489622130003,0.0017246642247000002,0.14860013458944077,2.040349999333557,0.2243310000267229,0.08090699975582538,18.193426999459916
invdyn,00:45:53.730,24,-90.138,-89.998,0.007,-89.968,0.037,0.006,0.09665074372334692,0.0,0.0,0.0,0.0,0.0,-90.0,-90.0,0.0,-90.0,0.0,0.0,-90.069,-89.999,0.0035,-89.98400000000001,0.0185,0.003,1.6672253292316832,-0.02416268593083673,-0.08456940075812566,-0.3866029748942461,-0.4470096897215213,-0.07248805779267914,0.06900000000000261,-0.000999999999990564,-0.0035,-0.016000000000005343,-0.0185,-0.003,0.0,0.0,0.0068849,0.0275396,0.0068849,0.0206547,0.02349328449299,-0.011894017093868,0.015361660561468,0.0036735347986110002,-0.0037942612943400005,0.0019488705739110002,0.14671741546251826,1.9954239996877732,0.22283099951891927,0.14103600005910266,18.15646500017465
invdyn,00:45:53.751,25,-90.136,-89.998,0.007,-89.968,0.037,0.006,0.09675441753218056,0.0,0.0,0.0,0.0,0.0,-90.0,-90.0,0.0,-90.0,0.0,0.0,-90.068,-89.999,0.0035,-89.98400000000001,0.0185,0.003,1.6448250980391634,-0.02418860438287327,-0.08466011534025375,-0.38701767012683164,-0.4474891810841984,-0.07256581314878893,0.06799999999999784,-0.000999999999990564,-0.0035,-0.016000000000005343,-0.0185,-0.003,0.0826188,-0.0137698,0.0068849,0.0137698,-0.0068849,-0.0068849,0.02297313797285,-0.011304517704376,0.016159218559016,0.0037597680098460005,-0.0037080280831050002,0.0023282967033450004,0.14483784035948127,2.228569999715546,0.2484420001565013,0.12199899992992869,17.976965999878303
invdyn,00:45:53.772,26,-90.134,-89.998,0.007,-89.968,0.037,0.006,0.09636539919563986,0.0,0.0,0.0,0.0,0.0,-90.0,-90.0,0.0,-90.0,0.0,0.0,-90.06700000000001,-89.999,0.0035,-89.98400000000001,0.0185,0.003,1.6141204365307336,-0.024091349798909964,-0.08431972429638139,-0.38546159678341535,-0.44568997128087307,-0.07227404939689834,0.06699999999999307,-0.000999999999990564,-0.0035,-0.016000000000005343,-0.0185,-0.003,0.0895037,0.0,-0.0137698,-0.0068849,-0.0275396,0.0619641,0.023042490842201998,-0.01187667887653,0.015326984126791999,0.0033286019536710003,-0.0032596153846830003,0.0019143772894170002,0.14296153328780384,2.0272760002626455,0.2852380002877908,0.09485100054007489,18.128724999769474
invdyn,00:45:53.792,27,-90.132,-89.998,0.007,-89.968,0.037,0.006,0.09666299462999757,0.0,0.0,0.0,0.0,0.0,-90.0,-90.0,0.0,-90.0,0.0,0.0,-90.066,-89.999,0.0035,-89.98400000000001,0.0185,0.003,1.5949394113987376,-0.024165748657499393,-0.084580120301445,-0.38665197852084887,-0.4470663501647807,-0.07249724597266714,0.0660000000000025,-0.000999999999990564,-0.0035,-0.016000000000005343,-0.0185,-0.003,0.1032735,-0.0413094,0.034424500000000004,-0.0275396,0.0275396,0.0068849,0.022643711843427998,-0.01222344322329,0.015621733821538,0.004328907203997001,-0.0034320818071530003,0.0017246642247000002,0.1410886246300568,2.0851449999099714,0.22553399958269438,0.08679600068717264,18.146743000215793
invdyn,00:45:53.813,28,-90.13,-89.998,0.007,-89.968,0.037,0.006,0.09664294930921721,0.0,0.0,0.0,0.0,0.0,-90.0,-90.0,0.0,-90.0,0.0,0.0,-90.065,-89.999,0.0035,-89.98400000000001,0.0185,0.003,1.5704479262672262,-0.02416073732713263,-0.0845625806451613,-0.3865717972349805,-0.4469736405529954,-0.07248221198156682,0.06499999999999773,-0.000999999999990564,-0.0035,-0.016000000000005343,-0.0185,-0.003,0.0757339,-0.0068849,-0.0068849,0.0137698,0.0413094,-0.0,0.022921123320835998,-0.012154090353938,0.015066910866721999,0.0036735347986110002,-0.0033630952381650003,0.001483211233242,0.13921925154230133,2.0142579996900167,0.26403400079288986,0.11788800020440249,18.131668000023637
invdyn,00:45:53.834,29,-90.129,-89.998,0.007,-89.968,0.037,0.006,0.04833094039109529,0.0,0.0,0.0,0.0,0.0,-90.0,-90.0,0.0,-90.0,0.0,0.0,-90.06450000000001,-89.999,0.0035,-89.98400000000001,0.0185,0.003,1.5586728276275899,-0.024165470195719352,-0.08457914568521485,-0.38664752313236816,-0.4470611986218499,-0.07249641058732702,0.06449999999999534,-0.000999999999990564,-0.0035,-0.016000000000005343,-0.0185,-0.003,0.06884900000000001,-0.0068849,-0.034424500000000004,-0.0206547,-0.0413094,-0.0206547,0.02271306471278,-0.012812942612782,0.015933821733622,0.0036735347986110002,-0.0032251221001890003,0.0017246642247000002,0.13828593565508032,2.137829999810492,0.24833099996612873,0.11568399986572331,18.104632000358833
invdyn,00:45:53.855,30,-90.127,-89.998,0.007,-89.969,0.037,0.006,0.09626808051642285,0.0,0.0,-0.0481340402575274,0.0,0.0,-90.0,-90.0,0.0,-90.0,0.0,0.0,-90.0635,-89.999,0.0035,-89.9845,0.0185,0.003,1.5282557781908594,-0.024067020128934705,-0.08423457045146779,-0.37303881199942845,-0.4452398723863297,-0.0722010603869724,0.06349999999999056,-0.000999999999990564,-0.0035,-0.015500000000002956,-0.0185,-0.003,0.1239282,0.0481943,-0.0206547,-0.0206547,0.0206547,-0.0068849,0.02323321123292,-0.011321855921713999,0.015361660561468,0.0038804945055750002,-0.0037942612943400005,0.0018453907204290002,0.13619104228986267,2.173459999539773,0.2488310001353966,0.11681399973895168,17.98968899947795
invdyn,00:45:53.875,31,-90.125,-89.998,0.007,-89.969,0.036,0.006,0.09582271569377848,0.0,0.0,0.0,-0.04791135784700094,0.0,-90.0,-90.0,0.0,-90.0,0.0,0.0,-90.0625,-89.999,0.0035,-89.9845,0.018,0.003,1.4972299327187781,-0.02395567892344462,-0.08384487623225158,-0.3713130233143278,-0.4312022206230081,-0.07186703677050135,0.0625,-0.000999999999990564,-0.0035,-0.015500000000002956,-0.018,-0.003,0.0963886,0.0137698,-0.0550792,-0.0481943,0.0206547,-0.0413094,0.023961416361116,-0.01222344322329,0.015656410256214,0.004415140415232,-0.0036217948718700005,0.0019143772894170002,0.13405595846511392,2.304087999618787,0.2411460000075749,0.11322099999233615,17.873875000077533
invdyn,00:45:53.896,32,-90.123,-89.998,0.007,-89.969,0.036,0.006,0.09661846075856868,0.0,0.0,0.0,0.0,0.0,-90.0,-90.0,0.0,-90.0,0.0,0.0,-90.0615,-89.999,0.0035,-89.9845,0.018,0.003,1.4855088341665117,-0.02415461518964217,-0.08454115316394463,-0.3743965354403976,-0.4347830734145723,-0.0724638455690954,0.061500000000009436,-0.000999999999990564,-0.0035,-0.015500000000002956,-0.018,-0.003,0.0963886,0.0068849,0.0206547,-0.0206547,0.0068849,-0.0068849,0.023770695970398,-0.011581929181783999,0.015656410256214,0.0037942612943400005,-0.0036217948718700005,0.0017764041514410002,0.1321930406640285,2.1049980005045654,0.3063849999307422,0.10577699958957965,17.99528200081113
invdyn,00:45:53.917,33,-90.121,-89.998,0.007,-89.969,0.036,0.006,0.0964851050129978,0.0,0.0,0.0,0.0,0.0,-90.0,-90.0,0.0,-90.0,0.0,0.0,-90.06049999999999,-89.999,0.0035,-89.9845,0.018,0.003,1.4593372133145646,-0.024121276253078056,-0.08442446688596995,-0.3738797819236525,-0.4341829725564169,-0.07236382875940282,0.06050000000000466,-0.000999999999990564,-0.0035,-0.015500000000002956,-0.018,-0.003,0.1032735,0.0137698,0.0550792,-0.0,-0.0481943,-0.0206547,0.022348962148682,-0.012067399267248,0.015361660561468,0.0033975885226590003,-0.0038804945055750002,0.0017764041514410002,0.130334185845461,2.0714610000140965,0.2547760004745214,0.11025799994968111,18.04920700033108
invdyn,00:45:53.938,34,-90.119,-89.998,0.007,-89.969,0.036,0.006,0.09675776555106232,0.0,0.0,0.0,0.0,0.0,-90.0,-90.0,0.0,-90.0,0.0,0.0,-90.0595,-89.999,0.0035,-89.9845,0.018,0.003,1.4392717625754035,-0.02418944138776558,-0.08466304485737684,-0.3749363415113118,-0.43540994498079516,-0.07256832416346587,0.059499999999999886,-0.000999999999990564,-0.0035,-0.015500000000002956,-0.018,-0.003,0.0895037,-0.0550792,0.0413094,-0.0275396,-0.0,0.0206547,0.023441269840975998,-0.01161660561646,0.015916483516284,0.0034493284494000005,-0.0033113553114240005,0.0023972832723330004,0.12847957036042848,2.092015999551222,0.2501459994164179,0.11603599978116108,18.3228149999195
invdyn,00:45:53.959,35,-90.115,-89.998,0.007,-89.969,0.036,0.006,0.18870947640763178,0.0,0.0,0.0,0.0,0.0,-90.0,-90.0,0.0,-90.0,0.0,0.0,-90.0575,-89.999,0.0035,-89.9845,0.018,0.003,1.3563493616781355,-0.02358868455087017,-0.08256039592823801,-0.3656246105394095,-0.4245963219166526,-0.07076605365277544,0.05749999999999034,-0.000999999999990564,-0.0035,-0.015500000000002956,-0.018,-0.003,0.034424500000000004,0.0,0.0137698,-0.0206547,-0.0068849,0.0137698,0.023597313797018,-0.01343711843695,0.015361660561468,0.0034838217338940005,-0.0032251221001890003,0.0018453907204290002,0.12478381305281215,2.5206970003637252,0.23547900036646752,0.10209099946223432,17.51482399959059
invdyn,00:45:53.979,36,-90.113,-89.998,0.007,-89.969,0.036,0.006,0.09739246737542899,0.0,0.0,0.0,0.0,0.0,-90.0,-90.0,0.0,-90.0,0.0,0.0,-90.0565,-89.999,0.0035,-89.9845,0.018,0.003,1.375668601681135,-0.024348116843857247,-0.08521840895369898,-0.37739581108073883,-0.43826610319045184,-0.07304435053174198,0.05649999999999977,-0.000999999999990564,-0.0035,-0.015500000000002956,-0.018,-0.003,0.1652376,-0.0137698,-0.0137698,-0.0757339,-0.0206547,-0.0275396,0.022331623931344,-0.012587545787387999,0.015101587301398,0.005242979243088,-0.0037080280831050002,0.00155219780223,0.12294307625889407,1.994127999751072,0.22631200044997968,0.083980999988853,17.75630199972511
invdyn,00:45:53.999,37,-90.111,-89.998,0.007,-89.969,0.036,0.006,0.098960774829597,0.0,0.0,0.0,0.0,0.0,-90.0,-90.0,0.0,-90.0,0.0,0.0,-90.0555,-89.999,0.0035,-89.9845,0.018,0.003,1.3730807507639107,-0.02474019370739925,-0.08659067797609919,-0.38347300246565524,-0.4453234867342244,-0.07422058112237073,0.05550000000000921,-0.000999999999990564,-0.0035,-0.015500000000002956,-0.018,-0.003,0.1170433,0.0137698,-0.0068849,-0.034424500000000004,0.0206547,0.0068849,0.02201953601926,-0.012188766788613999,0.015066910866721999,0.004415140415232,-0.0038804945055750002,0.001534951159983,0.12110739036079211,1.9954800000050454,0.22699799956171773,0.08155500017892336,17.78728399949614
invdyn,00:45:54.020,38,-90.109,-89.998,0.007,-89.969,0.036,0.006,0.09879294791063649,0.0,0.0,0.0,0.0,0.0,-90.0,-90.0,0.0,-90.0,0.0,0.0,-90.05449999999999,-89.999,0.0035,-89.9845,0.018,0.003,1.3460539152759288,-0.02469823697748363,-0.08644382942139417,-0.38282267315196145,-0.44456826559574136,-0.07409471093262357,0.054500000000004434,-0.000999999999990564,-0.0035,-0.015500000000002956,-0.018,-0.003,0.13081310000000002,0.0,0.0481943,-0.0481943,-0.0275396,0.0550792,0.021638095237824,-0.012778266178106,0.014841514041328,0.004208180708268,-0.0035700549451290003,0.0019143772894170002,0.11927698856023815,2.011015999414667,0.2290719994562096,0.08633200013719033,17.747505999977875
invdyn,00:45:54.040,39,-90.107,-89.998,0.007,-89.969,0.036,0.006,0.09887096317925191,0.0,0.0,0.0,0.0,0.0,-90.0,-90.0,0.0,-90.0,0.0,0.0,-90.0535,-89.999,0.0035,-89.9845,0.018,0.003,1.322399132525568,-0.024717740794812978,-0.08651209278204705,-0.38312498232056713,-0.4449193343076705,-0.07415322238461176,0.05349999999999966,-0.000999999999990564,-0.0035,-0.015500000000002956,-0.018,-0.003,0.0895037,0.0550792,-0.0,-0.0137698,0.0068849,-0.0550792,0.022522344322062,-0.012154090353938,0.014806837606652,0.004639346764443,-0.0037597680098460005,0.0017764041514410002,0.11745211790342565,1.9909430002371664,0.2224789996034815,0.08636999973532511,17.76972800053045
invdyn,00:45:54.060,40,-90.104,-89.998,0.007,-89.969,0.036,0.006,0.14833266925226604,0.0,0.0,0.0,0.0,0.0,-90.0,-90.0,0.0,-90.0,0.0,0.0,-90.05199999999999,-89.999,0.0035,-89.9845,0.018,0.003,1.2855498001862473,-0.024722111541985788,-0.08652739039715192,-0.3831927289017458,-0.4449980077567813,-0.07416633462613022,0.05200000000000671,-0.000999999999990564,-0.0035,-0.015500000000002956,-0.018,-0.003,0.0826188,-0.0137698,-0.034424500000000004,-0.0619641,0.0206547,0.0068849,0.022418315018034,-0.01222344322329,0.015396336996143999,0.0037942612943400005,-0.003138888888954,0.002086843711887,0.11472575996697595,1.9953500004703528,0.22229400019568857,0.0851480008350336,17.769764999684412
invdyn,00:45:54.081,41,-90.102,-89.998,0.007,-89.969,0.035,0.006,0.09830553602377126,0.0,0.0,0.0,-0.04915276801199989,0.0,-90.0,-90.0,0.0,-90.0,0.0,0.0,-90.051,-89.999,0.0035,-89.9845,0.0175,0.003,1.2533955843060522,-0.024576384005942815,-0.08601734402100034,-0.3809339520930741,-0.4300867201050017,-0.07372915201800029,0.05100000000000193,-0.000999999999990564,-0.0035,-0.015500000000002956,-0.0175,-0.003,0.0619641,0.0137698,-0.0068849,-0.0413094,-0.0137698,-0.0413094,0.02219291819264,-0.011928693528543999,0.014234676434498,0.004208180708268,-0.0037080280831050002,0.0019488705739110002,0.11260106571432234,1.990071999898646,0.22577500021725427,0.09548100024403539,17.773728000065603
invdyn,00:45:54.101,42,-90.1,-89.998,0.007,-89.969,0.035,0.006,0.09874991759711887,0.0,0.0,0.0,0.0,0.0,-90.0,-90.0,0.0,-90.0,0.0,0.0,-90.05,-89.999,0.0035,-89.9845,0.0175,0.003,1.2343739699580218,-0.024687479399104303,-0.08640617789706644,-0.3826559306870815,-0.43203088948533225,-0.07406243819748552,0.04999999999999716,-0.000999999999990564,-0.0035,-0.015500000000002956,-0.0175,-0.003,0.0619641,0.0275396,-0.0068849,0.0068849,-0.0,-0.0,0.022366300366019998,-0.011894017093868,0.015396336996143999,0.004570360195455,-0.0036045482296230003,0.00155219780223,0.11079259903079813,1.962035000360629,0.22725700000592042,0.07972100047481945,17.77835699977004
invdyn,00:45:54.121,43,-90.099,-89.998,0.007,-89.969,0.035,0.006,0.049436064259401745,0.0,0.0,0.0,0.0,0.0,-90.0,-90.0,0.0,-90.0,0.0,0.0,-90.0495,-89.999,0.0035,-89.9845,0.0175,0.003,1.223542590431785,-0.024718032129876506,-0.0865131124547694,-0.38312949801405183,-0.432565562273847,-0.07415409638980235,0.04950000000000898,-0.000999999999990564,-0.0035,-0.015500000000002956,-0.0175,-0.003,0.1583527,0.0206547,-0.0,-0.0137698,-0.0619641,-0.0137698,0.021169963369697998,-0.011148473748334,0.015326984126791999,0.0033975885226590003,-0.002966422466484,0.00155219780223,0.10989085494253419,1.9474800001262338,0.2231090002169367,0.08225800047512166,17.819579999923008
invdyn,00:45:54.141,44,-90.097,-89.998,0.007,-89.97,0.035,0.006,0.09887445928313025,0.0,0.0,-0.04943722964156513,0.0,0.0,-90.0,-90.0,0.0,-90.0,0.0,0.0,-90.04849999999999,-89.999,0.0035,-89.985,0.0175,0.003,1.1988528188021583,-0.02471861482060693,-0.08651515187232588,-0.3707792223099821,-0.43257575936162945,-0.07415584446199361,0.048500000000004206,-0.000999999999990564,-0.0035,-0.015000000000000568,-0.0175,-0.003,0.0413094,-0.0068849,-0.0068849,-0.0137698,-0.0068849,0.0206547,0.021447374847105998,-0.011859340659191999,0.014286691086512,0.004294413919503,-0.004035714285798,0.002086843711887,0.10781001808736944,1.9485540005916846,0.22083100066083716,0.08103599975584075,17.820652999944286
invdyn,00:45:54.161,45,-90.095,-89.998,0.007,-89.97,0.035,0.006,0.09867789671780319,0.0,0.0,0.0,0.0,0.0,-90.0,-90.0,0.0,-90.0,0.0,0.0,-90.0475,-89.999,0.0035,-89.985,0.0175,0.003,1.17180002352663,-0.024669474179450798,-0.08634315962827903,-0.3700421126926384,-0.43171579814139516,-0.07400842253852488,0.04749999999999943,-0.000999999999990564,-0.0035,-0.015000000000000568,-0.0175,-0.003,0.0963886,-0.06884900000000001,-0.0,0.0275396,-0.0068849,-0.0206547,0.021430036629767998,-0.011564590964446,0.015656410256214,0.004190934066021001,-0.004346153846244,0.0018453907204290002,0.10601414999894983,1.9363689998499467,0.22188600087247323,0.08162799986166647,17.833189999691967
invdyn,00:45:54.182,46,-90.094,-89.998,0.007,-89.97,0.034,0.006,0.049446554671618355,0.0,0.0,0.0,-0.0494465546713823,0.0,-90.0,-90.0,0.0,-90.0,0.0,0.0,-90.047,-89.999,0.0035,-89.985,0.017,0.003,1.16199403477741,-0.02472327733563351,-0.08653147067491895,-0.370849160035381,-0.4202957147067492,-0.07416983200707339,0.046999999999997044,-0.000999999999990564,-0.0035,-0.015000000000000568,-0.017,-0.003,0.0619641,-0.0137698,0.0068849,0.0413094,-0.0275396,-0.0068849,0.022609035408752,-0.01222344322329,0.014234676434498,0.004001221001304,-0.0035528083028820005,0.001414224664254,0.10479026672357952,1.9449619994702516,0.2466080004523974,0.1635349999560276,17.704785000205447
invdyn,00:45:54.202,47,-90.092,-89.998,0.007,-89.97,0.034,0.006,0.09884416793312417,0.0,0.0,0.0,0.0,0.0,-90.0,-90.0,0.0,-90.0,0.0,0.0,-90.04599999999999,-89.999,0.0035,-89.985,0.017,0.003,1.1367079312335617,-0.024711041983281043,-0.08648864694168523,-0.3706656297500936,-0.42008771371675685,-0.07413312595001591,0.04600000000000648,-0.000999999999990564,-0.0035,-0.015000000000000568,-0.017,-0.003,0.0619641,0.0481943,0.0068849,-0.0206547,-0.034424500000000004,0.0137698,0.021135286935022,-0.013038339438176,0.015361660561468,0.003983974359057001,-0.0038977411478220004,0.0019488705739110002,0.10299999999999912,1.9652020000648918,0.24807199952192605,0.12236899965500925,17.74765399932221
invdyn,00:45:54.222,48,-90.09,-89.998,0.007,-89.97,0.034,0.006,0.09875456771497045,0.0,0.0,0.0,0.0,0.0,-90.0,-90.0,0.0,-90.0,0.0,0.0,-90.045,-89.999,0.0035,-89.985,0.017,0.003,1.110988886796049,-0.02468864192874261,-0.08641024675080053,-0.3703296289320163,-0.4197069127896026,-0.07406592578640045,0.045000000000001705,-0.000999999999990564,-0.0035,-0.015000000000000568,-0.017,-0.003,0.0413094,-0.0550792,-0.034424500000000004,-0.0206547,0.0137698,-0.0275396,0.021967521367245998,-0.011668620268474,0.014061294261117999,0.0035873015873760005,-0.0036735347986110002,0.0016556776557120003,0.10121758740456455,1.9639250003820052,0.22520099992107134,0.09022099948197138,17.794264999793086
invdyn,00:45:54.242,49,-90.089,-89.998,0.007,-89.97,0.034,0.006,0.049438395077971535,0.0,0.0,0.0,0.0,0.0,-90.0,-90.0,0.0,-90.0,0.0,0.0,-90.0445,-89.999,0.0035,-89.985,0.017,0.003,1.1000042904795975,-0.024719197538810127,-0.08651719138603708,-0.37078796308303014,-0.42022635816075155,-0.07415759261660322,0.04449999999999932,-0.000999999999990564,-0.0035,-0.015000000000000568,-0.017,-0.003,0.0963886,0.0206547,0.0206547,-0.0,0.0206547,0.0068849,0.021135286935022,-0.011928693528543999,0.015101587301398,0.00431166056175,-0.003983974359057001,0.0019143772894170002,0.1003294572894711,1.9394989994907519,0.3182560003551771,0.08766599967202637,17.724672999975155
invdyn,00:45:54.263,50,-90.087,-89.998,0.007,-89.97,0.034,0.006,0.09885931128739305,0.0,0.0,0.0,0.0,0.0,-90.0,-90.0,0.0,-90.0,0.0,0.0,-90.0435,-89.999,0.0035,-89.985,0.017,0.003,1.0750950102529457,-0.02471482782184826,-0.08650189737667052,-0.37072241732860195,-0.4201520729723997,-0.07414448346571759,0.043500000000008754,-0.000999999999990564,-0.0035,-0.015000000000000568,-0.017,-0.003,0.0757339,0.0068849,0.0137698,-0.0068849,-0.0275396,-0.0068849,0.02141269841243,-0.011859340659191999,0.014252014651835999,0.004104700854786,-0.004121947497033001,0.002311050061098,0.09855962662267255,2.342642999792588,0.41616199996497016,0.1431459995728801,17.126882999946247
invdyn,00:45:54.284,51,-90.086,-89.998,0.007,-89.971,0.034,0.006,0.049215056791749125,0.0,0.0,-0.049215056791749125,0.0,0.0,-90.0,-90.0,0.0,-90.0,0.0,0.0,-90.043,-89.999,0.0035,-89.9855,0.017,0.003,1.0581237210175356,-0.024607528395699713,-0.08612634938514972,-0.3568091617384327,-0.41832798272787014,-0.0738225851872712,0.042999999999992156,-0.000999999999990564,-0.0035,-0.014499999999998181,-0.017,-0.003,0.0826188,0.0,-0.0206547,-0.0137698,-0.0137698,0.0068849,0.021430036629767998,-0.01222344322329,0.014546764346582,0.004104700854786,-0.0037942612943400005,0.0018971306471700002,0.09737556161583623,10.68305899934785,0.2372940007262514,0.12494299971876899,9.014057000058529
invdyn,00:45:54.303,52,-90.085,-89.998,0.007,-89.971,0.034,0.006,0.04943664694396675,0.0,0.0,0.0,0.0,0.0,-90.0,-90.0,0.0,-90.0,0.0,0.0,-90.04249999999999,-89.999,0.0035,-89.9855,0.017,0.003,1.0505287475542,-0.024718323471807743,-0.08651413215152873,-0.3584156903420026,-0.42021149902171095,-0.07415497041559604,0.04250000000000398,-0.000999999999990564,-0.0035,-0.014499999999998181,-0.017,-0.003,0.1032735,-0.0068849,0.0275396,-0.0068849,-0.0206547,0.0206547,0.020892551892289998,-0.011859340659191999,0.013055677655513999,0.0038804945055750002,-0.004104700854786,0.0023972832723330004,0.09649352309869667,2.0822569995289086,0.2326459998585051,0.09688799946161453,17.644821999965643
invdyn,00:45:54.323,53,-90.084,-89.998,0.007,-89.971,0.033,0.006,0.04945938233270548,0.0,0.0,0.0,-0.04945938233317222,0.0,-90.0,-90.0,0.0,-90.0,0.0,0.0,-90.042,-89.999,0.0035,-89.9855,0.0165,0.003,1.038647028996655,-0.024729691166528452,-0.08655391908305131,-0.3585805219154533,-0.4080399042486705,-0.07418907349975827,0.04200000000000159,-0.000999999999990564,-0.0035,-0.014499999999998181,-0.0165,-0.003,0.0481943,-0.0068849,0.0068849,-0.0137698,0.0068849,-0.0275396,0.021447374847105998,-0.012154090353938,0.015066910866721999,0.0035873015873760005,-0.0036907814408580005,0.0017246642247000002,0.09526279441628985,2.0690540004579816,0.23288600004889304,0.0934429999688291,17.65965499998856
invdyn,00:45:54.344,54,-90.082,-89.998,0.007,-89.971,0.033,0.006,0.0989257638836286,0.0,0.0,0.0,0.0,0.0,-90.0,-90.0,0.0,-90.0,0.0,0.0,-90.041,-89.999,0.0035,-89.9855,0.0165,0.003,1.0139890798022728,-0.024731440970731423,-0.08656004339776172,-0.35860589407639637,-0.40806877601801955,-0.07419432291236719,0.04099999999999682,-0.000999999999990564,-0.0035,-0.014499999999998181,-0.0165,-0.003,0.06884900000000001,0.0068849,0.0481943,-0.0413094,-0.0550792,0.0068849,0.021447374847105998,-0.012466178266022,0.015361660561468,0.004208180708268,-0.0036907814408580005,0.001465964590995,0.09350401060916438,2.041349999672093,0.24020199998631142,0.10722099978011101,17.673063000074762
invdyn,00:45:54.364,55,-90.081,-89.998,0.007,-89.972,0.033,0.006,0.04944422308362025,0.0,0.0,-0.04944422308362025,0.0,0.0,-90.0,-90.0,0.0,-90.0,0.0,0.0,-90.04050000000001,-89.999,0.0035,-89.98599999999999,0.0165,0.003,1.0012455174527959,-0.024722111541985788,-0.08652739039715192,-0.34610956158867934,-0.4079148404437162,-0.07416633462613022,0.04049999999999443,-0.000999999999990564,-0.0035,-0.013999999999995794,-0.0165,-0.003,0.0550792,0.0481943,-0.0137698,-0.0,0.034424500000000004,-0.0481943,0.021482051281782,-0.012726251526091999,0.014806837606652,0.004639346764443,-0.0037942612943400005,0.0016556776557120003,0.09232009532057905,1.9799060000877944,0.2310720001332811,0.08812899977783673,17.756412999915483
invdyn,00:45:54.384,56,-90.08,-89.998,0.007,-89.972,0.033,0.006,0.0494774689758414,0.0,0.0,0.0,0.0,0.0,-90.0,-90.0,0.0,-90.0,0.0,0.0,-90.03999999999999,-89.999,0.0035,-89.98599999999999,0.0165,0.003,0.989549379512082,-0.02473873448774492,-0.08658557070730902,-0.3463422828293078,-0.40818911904874255,-0.07421620346340774,0.04000000000000625,-0.000999999999990564,-0.0035,-0.013999999999995794,-0.0165,-0.003,0.0826188,-0.0137698,-0.0275396,0.0068849,-0.0481943,-0.0068849,0.020944566544304,-0.012154090353938,0.014546764346582,0.005053266178371,-0.0036907814408580005,0.0017764041514410002,0.09144397191723483,2.0819240007767803,0.2344800004721037,0.1488879997850745,17.589211999620602
invdyn,00:45:54.404,57,-90.079,-89.998,0.007,-89.972,0.032,0.006,0.04946988264457188,0.0,0.0,0.0,-0.049469882644335716,0.0,-90.0,-90.0,0.0,-90.0,0.0,0.0,-90.0395,-89.999,0.0035,-89.98599999999999,0.016,0.003,0.9770301822255494,-0.02473494132211019,-0.08657229462758743,-0.3462891785104214,-0.3957590611546854,-0.0742048239665035,0.039499999999989654,-0.000999999999990564,-0.0035,-0.013999999999995794,-0.016,-0.003,0.034424500000000004,0.0,-0.0275396,0.0068849,-0.0,-0.06884900000000001,0.021794139193866,-0.013055677655513999,0.013922588522413999,0.004104700854786,-0.004104700854786,0.001534951159983,0.09021086409074731,1.9815539999399334,0.23629399947822094,0.101110000287008,17.730580000716145
invdyn,00:45:54.424,58,-90.077,-89.998,0.007,-89.972,0.032,0.006,0.09903671696040767,0.0,0.0,0.0,0.0,0.0,-90.0,-90.0,0.0,-90.0,0.0,0.0,-90.0385,-89.999,0.0035,-89.98599999999999,0.016,0.003,0.9532284007461228,-0.024759179240101917,-0.08665712734055867,-0.34662850936230644,-0.39614686784255393,-0.07427753772047886,0.03849999999999909,-0.000999999999990564,-0.0035,-0.013999999999995794,-0.016,-0.003,0.0619641,-0.0068849,0.0068849,0.0137698,-0.0,0.0413094,0.022002197801922,-0.0121367521366,0.014789499389313999,0.004691086691184,-0.0035873015873760005,0.002138583638628,0.08846468221838603,1.937240000188467,0.22777500089432579,0.08672100011608563,17.795357999602857
invdyn,00:45:54.445,59,-90.076,-89.998,0.007,-89.973,0.032,0.006,0.04946638204550043,0.0,0.0,-0.04946638204550043,0.0,0.0,-90.0,-90.0,0.0,-90.0,0.0,0.0,-90.038,-89.999,0.0035,-89.9865,0.016,0.003,0.939861258859939,-0.024733191022574475,-0.08656616857921241,-0.3338980788055463,-0.3957310563621139,-0.07419957306789636,0.0379999999999967,-0.000999999999990564,-0.0035,-0.013500000000007617,-0.016,-0.003,0.0826188,-0.0206547,0.0275396,-0.06884900000000001,-0.0481943,-0.06884900000000001,0.020996581196318,-0.011633943833798,0.0147374847373,0.004328907203997001,-0.005260225885335,0.0019143772894170002,0.08728115489611164,1.9180540002707858,0.2870520002034027,0.18046199966192944,17.656136999903538
invdyn,00:45:54.465,60,-90.075,-89.998,0.007,-89.974,0.032,0.006,0.0493743775672512,0.0,0.0,-0.049374377567952855,0.0,0.0,-90.0,-90.0,0.0,-90.0,0.0,0.0,-90.0375,-89.999,0.0035,-89.987,0.016,0.003,0.9257695793947307,-0.024687188783801016,-0.08640516074350493,-0.3209334541901148,-0.3949950205417368,-0.07406156635157565,0.037500000000008527,-0.000999999999990564,-0.0035,-0.012999999999991019,-0.016,-0.003,0.034424500000000004,-0.034424500000000004,-0.0,-0.0206547,-0.0068849,-0.0,0.02149938949912,-0.01248351648336,0.0147374847373,0.0038460012210810002,-0.004001221001304,0.002207570207616,0.08610458756651827,1.9732579994524713,0.2472750002198154,0.12249900009919656,17.7217649998056
invdyn,00:45:54.485,61,-90.074,-89.998,0.007,-89.974,0.032,0.006,0.04908546618474209,0.0,0.0,0.0,0.0,0.0,-90.0,-90.0,0.0,-90.0,0.0,0.0,-90.037,-89.999,0.0035,-89.987,0.016,0.003,0.9080811244133691,-0.02454273309219666,-0.0858995658228885,-0.31905553019925414,-0.3926837294760617,-0.07362819927676158,0.03699999999999193,-0.000999999999990564,-0.0035,-0.012999999999991019,-0.016,-0.003,0.0895037,-0.0206547,-0.0413094,-0.0275396,0.0068849,-0.0068849,0.0216727716725,-0.012154090353938,0.01447741147723,0.0039322344323160004,-0.0038977411478220004,0.0025697496948030004,0.08523496934943721,1.9920909999200376,0.23723899994365638,0.10098100028699264,17.72817299934104
invdyn,00:45:54.506,62,-90.073,-89.998,0.007,-89.974,0.032,0.006,0.049459965567086005,0.0,0.0,0.0,0.0,0.0,-90.0,-90.0,0.0,-90.0,0.0,0.0,-90.03649999999999,-89.999,0.0035,-89.987,0.016,0.003,0.9026443715949266,-0.024729982783367285,-0.08655493974198722,-0.32148977618447755,-0.3956797245347987,-0.07418994835027476,0.03650000000000375,-0.000999999999990564,-0.0035,-0.012999999999991019,-0.016,-0.003,0.0619641,0.0206547,-0.0,0.0413094,-0.0275396,0.0481943,0.021828815628541998,-0.012795604395443999,0.015361660561468,0.004380647130738,-0.004001221001304,0.002621489621544,0.08436824046997073,1.9599429997469997,1.6147979995366768,0.2242760001536226,16.240021000157867
invdyn,00:45:54.526,63,-90.071,-89.998,0.007,-89.975,0.032,0.006,0.09896544482829123,0.0,0.0,-0.04948272241379402,0.0,0.0,-90.0,-90.0,0.0,-90.0,0.0,0.0,-90.0355,-89.999,0.0035,-89.9875,0.016,0.003,0.8783183228531064,-0.024741361207072807,-0.08659476422495664,-0.3092670150892012,-0.3958617793140875,-0.0742240836213914,0.03549999999999898,-0.000999999999990564,-0.0035,-0.012500000000002842,-0.016,-0.003,0.0206547,-0.0068849,-0.0275396,0.0068849,-0.0,-0.0413094,0.021169963369697998,-0.01309035409019,0.013419780219612,0.0034665750916470003,-0.004001221001304,0.0019488705739110002,0.08233468284993861,1.936016999934509,0.22840600013296353,0.07888799973443383,17.82443100000819
invdyn,00:45:54.546,64,-90.07,-89.998,0.007,-89.975,0.031,0.006,0.049446554671618355,0.0,0.0,0.0,-0.0494465546713823,0.0,-90.0,-90.0,0.0,-90.0,0.0,0.0,-90.035,-89.999,0.0035,-89.9875,0.0155,0.003,0.8653147067491052,-0.02472327733563351,-0.08653147067491895,-0.3090409666962094,-0.3832107987032125,-0.07416983200707339,0.03499999999999659,-0.000999999999990564,-0.0035,-0.012500000000002842,-0.0155,-0.003,0.0550792,-0.0275396,0.0206547,-0.0413094,-0.0137698,0.0413094,0.021811477411204,-0.0121367521366,0.014252014651835999,0.004104700854786,-0.004225427350515,0.002138583638628,0.08108637370113002,1.964127999599441,0.27247900015936466,0.08231400079239393,17.739357999744243
invdyn,00:45:54.566,65,-90.07,-89.998,0.007,-89.975,0.031,0.006,0.0,0.0,0.0,0.0,0.0,0.0,-90.0,-90.0,0.0,-90.0,0.0,0.0,-90.035,-89.999,0.0035,-89.9875,0.0155,0.003,0.8658557070730057,-0.02473873448774492,-0.08658557070730902,-0.30923418109760253,-0.38345038456093994,-0.07421620346340774,0.03499999999999659,-0.000999999999990564,-0.0035,-0.012500000000002842,-0.0155,-0.003,0.0895037,-0.0137698,-0.0206547,-0.0137698,0.0068849,-0.0137698,0.02141269841243,-0.012812942612782,0.013974603174428,0.004294413919503,-0.004104700854786,0.0017246642247000002,0.08108637370113002,1.9748499998968327,0.22879399966768688,0.07833299969206564,17.774506000023393
invdyn,00:45:54.586,66,-90.068,-89.998,0.007,-89.976,0.031,0.006,0.09893859835327118,0.0,0.0,-0.049469299176987086,0.0,0.0,-90.0,-90.0,0.0,-90.0,0.0,0.0,-90.03399999999999,-89.999,0.0035,-89.988,0.0155,0.003,0.8409780860047382,-0.024734649588317795,-0.08657127355931404,-0.29681579506051653,-0.3833870686198193,-0.07420394876512632,0.034000000000006025,-0.000999999999990564,-0.0035,-0.012000000000000455,-0.0155,-0.003,0.0826188,-0.0137698,0.0413094,-0.0413094,-0.0,0.0068849,0.021776800976528,-0.012795604395443999,0.013159706959542,0.004328907203997001,-0.0038115079365870002,0.002017857142899,0.07905694150420778,1.9449619994702516,0.22649800030194456,0.08533300024282653,17.748580000443326
invdyn,00:45:54.607,67,-90.067,-89.998,0.007,-89.976,0.031,0.006,0.049475718077499585,0.0,0.0,0.0,0.0,0.0,-90.0,-90.0,0.0,-90.0,0.0,0.0,-90.0335,-89.999,0.0035,-89.988,0.0155,0.003,0.8287182777940753,-0.02473785903857402,-0.08658250663521086,-0.2968543084635913,-0.3834368150987909,-0.07421357711589502,0.03349999999998943,-0.000999999999990564,-0.0035,-0.012000000000000455,-0.0155,-0.003,0.0137698,0.0068849,0.0206547,-0.034424500000000004,0.0275396,-0.0068849,0.021534065933796,-0.01248351648336,0.014286691086512,0.004156440781527,-0.004415140415232,0.001345238095266,0.07819846545808361,2.0454239993341616,0.22905300011188956,0.08701800015842309,17.703728000014962
invdyn,00:45:54.627,68,-90.066,-89.998,0.007,-89.977,0.031,0.006,0.04943839507726897,0.0,0.0,-0.049438395077971535,0.0,0.0,-90.0,-90.0,0.0,-90.0,0.0,0.0,-90.033,-89.999,0.0035,-89.9885,0.0155,0.003,0.8157335187826663,-0.024719197538810127,-0.08651719138603708,-0.2842707716969312,-0.3831475618524499,-0.07415759261660322,0.03300000000000125,-0.000999999999990564,-0.0035,-0.011499999999998067,-0.0155,-0.003,0.06884900000000001,0.0275396,0.0275396,-0.0895037,-0.0206547,0.0481943,0.021482051281782,-0.012466178266022,0.015066910866721999,0.0037770146520930002,-0.0038977411478220004,0.0018453907204290002,0.0770389511870465,2.0209429994793027,0.2259050006614416,0.08216600053856382,17.73424699968018
invdyn,00:45:54.647,69,-90.065,-89.998,0.007,-89.978,0.03,0.006,0.04945879911348553,0.0,0.0,-0.049458799112782684,-0.04945879911324942,0.0,-90.0,-90.0,0.0,-90.0,0.0,0.0,-90.0325,-89.999,0.0035,-89.989,0.015,0.003,0.8037054855902742,-0.024729399556567052,-0.08655289844818641,-0.27202339512294044,-0.3709409933493703,-0.07418819866987407,0.03249999999999886,-0.000999999999990564,-0.0035,-0.01100000000000989,-0.015,-0.003,0.0550792,0.0,-0.0275396,0.0137698,0.0068849,-0.0206547,0.021378021977754,-0.013038339438176,0.013922588522413999,0.004328907203997001,-0.004018467643551,0.001465964590995,0.07548509786706202,2.0127760008108453,0.23468200015486218,0.08920299933379283,17.730876999848988
invdyn,00:45:54.667,70,-90.064,-89.998,0.007,-89.979,0.03,0.006,0.049431985857631436,0.0,0.0,-0.049431985857631436,0.0,0.0,-90.0,-90.0,0.0,-90.0,0.0,0.0,-90.032,-89.999,0.0035,-89.98949999999999,0.015,0.003,0.7909117737182394,-0.024715992928640098,-0.08650597525044196,-0.2595179257513357,-0.3707398939304655,-0.07414797878609311,0.031999999999996476,-0.000999999999990564,-0.0035,-0.010499999999993292,-0.015,-0.003,0.0619641,0.0413094,-0.0,-0.0550792,-0.0413094,-0.034424500000000004,0.021534065933796,-0.011824664224516,0.013991941391765999,0.00396672771681,-0.004104700854786,0.0018453907204290002,0.07433707016017724,2.8073049998056376,0.28236800062586553,0.11760999950638507,16.834367999763344
invdyn,00:45:54.688,71,-90.063,-89.998,0.007,-89.98,0.03,0.005,0.049188507094645506,0.0,0.0,-0.049188507095344516,0.0,-0.049188507095109656,-90.0,-90.0,0.0,-90.0,0.0,0.0,-90.0315,-89.999,0.0035,-89.99000000000001,0.015,0.0025,0.7747189867480063,-0.024594253547497506,-0.08607988741644189,-0.24594253547549932,-0.3689138032133224,-0.061485633868887064,0.0315000000000083,-0.000999999999990564,-0.0035,-0.010000000000005116,-0.015,-0.0025,0.0275396,0.034424500000000004,-0.0206547,-0.0413094,-0.0,-0.0,0.021516727716458,-0.012188766788613999,0.013922588522413999,0.0033975885226590003,-0.0038977411478220004,0.001534951159983,0.07312318373812865,2.057868000520102,0.27692399999068584,0.10323999958927743,17.621303000851185
invdyn,00:45:54.708,72,-90.062,-89.998,0.007,-89.981,0.029,0.005,0.049459965567086005,0.0,0.0,-0.049459965566383136,-0.04945996556684971,0.0,-90.0,-90.0,0.0,-90.0,0.0,0.0,-90.031,-89.999,0.0035,-89.9905,0.0145,0.0025,0.7666294662861429,-0.024729982783367285,-0.08655493974198722,-0.2349348364426042,-0.35858475035966136,-0.0618249569585623,0.0309999999999917,-0.000999999999990564,-0.0035,-0.009500000000002728,-0.0145,-0.0025,0.0757339,0.0137698,0.0206547,-0.06884900000000001,-0.034424500000000004,-0.0,0.021742124541852,-0.01248351648336,0.013991941391765999,0.0038632478633280004,-0.004622100122196,0.0022593101343570004,0.07158212067269237,2.227458999186638,0.25449699933233205,0.12581299961311743,17.446343000301567
invdyn,00:45:54.728,73,-90.061,-89.998,0.007,-89.983,0.029,0.005,0.049425578298163145,0.0,0.0,-0.09885115659773104,0.0,0.0,-90.0,-90.0,0.0,-90.0,0.0,0.0,-90.0305,-89.999,0.0035,-89.9915,0.0145,0.0025,0.7537400690541873,-0.024712789149257168,-0.08649476202260167,-0.2100587077691249,-0.35833544266506406,-0.061781972873286906,0.030500000000003524,-0.000999999999990564,-0.0035,-0.008499999999997954,-0.0145,-0.0025,0.06884900000000001,0.0,-0.0413094,-0.1652376,-0.0275396,-0.0206547,0.021655433455162,-0.013367765567598,0.013974603174428,0.0035528083028820005,-0.00310439560446,0.0024317765568270004,0.0702068372738774,2.2057000005588634,0.23870100085332524,0.11560999973880826,17.514471999675152
invdyn,00:45:54.748,74,-90.06,-89.998,0.007,-89.986,0.029,0.005,0.04941218604236402,0.0,0.0,-0.14823655812638986,0.0,0.0,-90.0,-90.0,0.0,-90.0,0.0,0.0,-90.03,-89.999,0.0035,-89.993,0.0145,0.0025,0.7411827906319493,-0.024706093021006462,-0.08647132557372414,-0.17294265114739632,-0.3582383488054286,-0.0617652325526601,0.030000000000001137,-0.000999999999990564,-0.0035,-0.006999999999990791,-0.0145,-0.0025,0.1032735,0.0206547,-0.0,-0.2272017,-0.0068849,-0.0413094,0.021655433455162,-0.0121367521366,0.013662515262343999,0.00258699633705,-0.0035010683761410003,0.002017857142899,0.06866585760041256,2.106515999912517,0.225127000703651,0.08264699954452226,17.64572899992345
